{"cameraMode":{"drawMode":0,"name":"Shaded","section":"Shading Mode"},"sceneLighting":true,"audioPlay":false,"sceneViewState":{"showFog":true,"showMaterialUpdate":true,"showSkybox":true,"showFlares":true,"showImageEffects":true,"showParticleSystems":true},"in2DMode":false,"pivot":{"x":-0.020963191986083986,"y":3.1523590087890627,"z":-180.7713623046875},"rotation":{"x":-0.1140575259923935,"y":0.008044849149882794,"z":-0.0009237345075234771,"w":-0.993441104888916},"size":17.20128631591797,"orthographic":false}